ts,AOI_Control_Loop_Flow_Eq_Feed_Tank.LIT_30_01,AOI_Control_Loop_Flow_Eq_Feed_Tank.SP_Level_Flow_Eq_Tank,AOI_Control_Loop_Flow_Eq_Feed_Tank.Water_Off_Range,AOI_Control_Loop_Flow_Eq_Feed_Tank.ZC_30_03,AOI_Control_Loop_Flow_Eq_Feed_Tank.ZCC_30_07,AOI_Control_Loop_Flow_Eq_Feed_Tank.ZCC_30_08,AOI_Control_Loop_Flow_Eq_Feed_Tank.ZCO_30_07,AOI_Control_Loop_Flow_Eq_Feed_Tank.ZCO_30_08,AOI_Control_Loop_Flow_Eq_Feed_Tank.Sts_Auto,AOI_Control_Loop_Flow_Eq_Feed_Tank.Water_Off_Range_SCADA_Reset,AOI_Control_Loop_Flow_Eq_Feed_Tank.ATS_1_Utility_Power
2024-06-13 09:16:23,0.6635317802429199,15.0,False,100.0,False,True,True,False,True,False,True
2024-06-13 09:16:25,0.6803497076034546,15.0,False,100.0,False,True,True,False,True,False,True
2024-06-13 09:16:28,1.7253879308700562,15.0,False,100.0,False,True,True,False,True,False,True
2024-06-13 09:16:30,2.05486798286438,15.0,False,100.0,False,True,True,False,True,False,True
2024-06-13 09:16:33,2.6699235439300537,15.0,False,100.0,False,True,True,False,True,False,True
2024-06-13 09:16:36,3.446298122406006,15.0,False,100.0,False,True,True,False,True,False,True
2024-06-13 09:16:38,3.735558271408081,15.0,False,100.0,False,True,True,False,True,False,True
2024-06-13 09:16:41,4.12761116027832,15.0,False,100.0,False,True,True,False,True,False,True
2024-06-13 09:16:43,4.66251802444458,15.0,False,100.0,False,True,True,False,True,False,True
2024-06-13 09:16:46,4.998086452484131,15.0,False,100.0,False,True,True,False,True,False,True
2024-06-13 09:16:48,5.868246555328369,15.0,False,100.0,False,True,True,False,True,False,True
2024-06-13 09:16:51,5.890063762664795,15.0,False,100.0,False,True,True,False,True,False,True
2024-06-13 09:16:53,6.699573040008545,15.0,False,100.0,False,True,True,False,True,False,True
2024-06-13 09:16:56,7.041491985321045,15.0,False,100.0,False,True,True,False,True,False,True
2024-06-13 09:16:59,7.568172931671143,15.0,False,100.0,False,True,True,False,True,False,True
2024-06-13 09:17:01,8.212939262390137,15.0,False,100.0,False,True,True,False,True,False,True
2024-06-13 09:17:04,8.287944793701172,15.0,False,100.0,False,True,True,False,True,False,True
2024-06-13 09:17:06,9.237207412719727,15.0,False,100.0,False,True,True,False,True,False,True
2024-06-13 09:17:09,9.241937637329102,15.0,False,100.0,False,True,True,False,True,False,True
2024-06-13 09:17:11,10.026602745056152,15.0,False,100.0,False,True,True,False,True,False,True
2024-06-13 09:17:14,10.277839660644531,15.0,False,100.0,False,True,True,False,True,False,True
2024-06-13 09:17:16,10.907469749450684,15.0,False,100.0,False,True,True,False,True,False,True
2024-06-13 09:17:19,11.546133995056152,15.0,False,100.0,False,True,True,False,True,False,True
2024-06-13 09:17:21,11.767263412475586,15.0,False,100.0,False,True,True,False,True,False,True
2024-06-13 09:17:24,12.663548469543457,15.0,False,100.0,False,True,True,False,True,False,True
2024-06-13 09:17:26,13.197152137756348,15.0,False,100.0,False,True,True,False,True,False,True
2024-06-13 09:17:29,13.675039291381836,15.0,False,100.0,False,True,True,False,True,False,True
2024-06-13 09:17:32,13.91232681274414,15.0,False,100.0,False,True,True,False,True,False,True
2024-06-13 09:17:34,14.576404571533203,15.0,False,100.0,False,True,True,False,True,False,True
2024-06-13 09:17:37,15.449295997619629,15.0,False,99.98875427246094,False,True,True,False,True,False,True
2024-06-13 09:17:39,14.793127059936523,15.0,False,100.0,False,True,True,False,True,False,True
2024-06-13 09:17:42,15.07751750946045,15.0,False,100.0,False,True,True,False,True,False,True
2024-06-13 09:17:44,14.943658828735352,15.0,False,100.0,False,True,True,False,True,False,True
2024-06-13 09:17:47,14.987165451049805,15.0,False,100.0,False,True,True,False,True,False,True
2024-06-13 09:17:49,15.118522644042969,15.0,False,100.0,False,True,True,False,True,False,True
2024-06-13 09:17:52,14.69247055053711,15.0,False,100.0,False,True,True,False,True,False,True
2024-06-13 09:17:54,15.135337829589844,15.0,False,100.0,False,True,True,False,True,False,True
2024-06-13 09:17:57,14.839353561401367,15.0,False,100.0,False,True,True,False,True,False,True
2024-06-13 09:17:59,15.014233589172363,15.0,False,100.0,False,True,True,False,True,False,True
2024-06-13 09:18:02,15.149338722229004,15.0,False,100.0,False,True,True,False,True,False,True
2024-06-13 09:18:05,14.964945793151855,15.0,False,100.0,False,True,True,False,True,False,True
2024-06-13 09:18:07,14.938197135925293,15.0,False,100.0,False,True,True,False,True,False,True
2024-06-13 09:18:10,14.888690948486328,15.0,False,100.0,False,True,True,False,True,False,True
2024-06-13 09:18:12,15.008930206298828,15.0,False,100.0,False,True,True,False,True,False,True
2024-06-13 09:18:15,14.89565658569336,15.0,False,100.0,False,True,True,False,True,False,True
2024-06-13 09:18:17,14.997347831726074,15.0,False,100.0,False,True,True,False,True,False,True
2024-06-13 09:18:20,14.94852066040039,15.0,False,100.0,False,True,True,False,True,False,True
2024-06-13 09:18:22,14.977302551269531,15.0,False,100.0,False,True,True,False,True,False,True
2024-06-13 09:18:26,14.703932762145996,15.0,False,100.0,False,True,True,False,True,False,True
2024-06-13 09:18:28,15.221155166625977,15.0,False,100.0,False,True,True,False,True,False,True
2024-06-13 09:18:32,15.311277389526367,15.0,False,100.0,False,True,True,False,True,False,True
2024-06-13 09:18:34,14.966020584106445,15.0,False,100.0,False,True,True,False,True,False,True
2024-06-13 09:18:36,14.981773376464844,15.0,False,100.0,False,True,True,False,True,False,True
2024-06-13 09:18:39,15.472954750061035,15.0,False,99.90884399414062,False,True,True,False,True,False,True
2024-06-13 09:18:41,15.041382789611816,15.0,False,100.0,False,True,True,False,True,False,True
2024-06-13 09:18:44,14.909671783447266,15.0,False,100.0,False,True,True,False,True,False,True
2024-06-13 09:18:47,15.064187049865723,15.0,False,100.0,False,True,True,False,True,False,True
2024-06-13 09:18:49,15.061684608459473,15.0,False,100.0,False,True,True,False,True,False,True
2024-06-13 09:18:52,15.057197570800781,15.0,False,100.0,False,True,True,False,True,False,True
2024-06-13 09:18:54,15.343973159790039,15.0,False,100.0,False,True,True,False,True,False,True
2024-06-13 09:18:57,15.449816703796387,15.0,False,99.88973236083984,False,True,True,False,True,False,True
2024-06-13 09:18:59,15.71220588684082,15.0,False,99.60094451904297,False,True,True,False,True,False,True
2024-06-13 09:19:02,15.762937545776367,15.0,False,99.51905822753906,False,True,True,False,True,False,True
2024-06-13 09:19:04,15.850970268249512,15.0,False,99.39669036865234,False,True,True,False,True,False,True
2024-06-13 09:19:07,16.13364601135254,15.0,False,99.07032012939453,False,True,True,False,True,False,True
2024-06-13 09:19:09,16.740041732788086,15.0,False,98.67720794677734,False,True,True,False,True,False,True
2024-06-13 09:19:12,16.740041732788086,15.0,False,98.3382568359375,False,True,True,False,True,False,True
2024-06-13 09:19:14,16.75230598449707,15.0,False,98.25313568115234,False,True,True,False,True,False,True
2024-06-13 09:19:17,17.187381744384766,15.0,False,97.73236083984375,False,True,True,False,True,False,True
2024-06-13 09:19:19,17.531614303588867,15.0,False,97.28694915771484,False,True,True,False,True,False,True
2024-06-13 09:19:22,17.339345932006836,15.0,False,97.35826110839844,False,True,True,False,True,False,True
2024-06-13 09:19:24,17.69930076599121,15.0,False,96.89034271240234,False,True,True,False,True,False,True
2024-06-13 09:19:27,17.84619903564453,15.0,False,96.6266860961914,False,True,True,False,True,False,True
2024-06-13 09:19:29,17.91459083557129,15.0,False,96.43769073486328,False,True,True,False,True,False,True
2024-06-13 09:19:32,18.234275817871094,15.0,False,95.98723602294922,False,True,True,False,True,False,True
2024-06-13 09:19:35,18.458412170410156,15.0,False,95.62178802490234,False,True,True,False,True,False,True
2024-06-13 09:19:37,18.559831619262695,15.0,False,95.37330627441406,False,True,True,False,True,False,True
2024-06-13 09:19:40,18.958919525146484,15.0,False,94.81426239013672,False,True,True,False,True,False,True
2024-06-13 09:19:42,19.153308868408203,15.0,False,94.44924926757812,False,True,True,False,True,False,True
2024-06-13 09:19:45,18.771909713745117,15.0,False,94.66871643066406,False,True,True,False,True,False,True
2024-06-13 09:19:47,19.310447692871094,15.0,False,93.95731353759766,False,True,True,False,True,False,True
2024-06-13 09:19:50,19.497451782226562,15.0,False,93.58525848388672,False,True,True,False,True,False,True
2024-06-13 09:19:52,19.628971099853516,15.0,False,93.26252746582031,False,True,True,False,True,False,True
2024-06-13 09:19:55,20.061378479003906,15.0,False,74.57915496826172,False,True,True,False,True,False,True
2024-06-13 09:19:57,20.54387855529785,15.0,False,74.57915496826172,False,True,True,False,True,False,True
2024-06-13 09:20:01,20.359539031982422,15.0,False,74.57915496826172,False,True,True,False,True,False,True
2024-06-13 09:20:03,20.810230255126953,15.0,False,74.57915496826172,False,True,True,False,True,False,True
2024-06-13 09:20:05,21.009498596191406,15.0,False,74.57915496826172,False,True,True,False,True,False,True
2024-06-13 09:20:07,21.02743911743164,15.0,False,74.57915496826172,False,True,True,False,True,False,True
2024-06-13 09:20:10,21.02743911743164,15.0,False,74.57915496826172,False,True,True,False,True,False,True
2024-06-13 09:20:12,21.301898956298828,15.0,False,74.57915496826172,False,True,True,False,True,False,True
2024-06-13 09:20:14,21.058780670166016,15.0,False,74.57915496826172,False,True,True,False,True,False,True
2024-06-13 09:20:17,21.325870513916016,15.0,False,74.57915496826172,False,True,True,False,True,False,True
2024-06-13 09:20:19,20.8279972076416,15.0,False,74.57915496826172,False,True,True,False,True,False,True
2024-06-13 09:20:22,21.106372833251953,15.0,False,74.57915496826172,False,True,True,False,True,False,True
2024-06-13 09:20:24,21.072528839111328,15.0,False,64.57915496826172,False,True,True,False,True,False,True
2024-06-13 09:20:27,20.84965705871582,15.0,False,64.57915496826172,False,True,True,False,True,False,True
2024-06-13 09:20:29,21.454177856445312,15.0,False,64.57915496826172,False,True,True,False,True,False,True
2024-06-13 09:20:32,21.06771469116211,15.0,False,64.57915496826172,False,True,True,False,True,False,True
2024-06-13 09:20:35,21.18317985534668,15.0,False,64.57915496826172,False,True,True,False,True,False,True
2024-06-13 09:20:39,20.886960983276367,15.0,False,64.57915496826172,False,True,True,False,True,False,True
2024-06-13 09:20:41,21.299081802368164,15.0,False,64.57915496826172,False,True,True,False,True,False,True
2024-06-13 09:20:44,21.046062469482422,15.0,False,64.57915496826172,False,True,True,False,True,False,True
2024-06-13 09:20:46,20.883758544921875,15.0,False,64.57915496826172,False,True,True,False,True,False,True
2024-06-13 09:20:49,21.346677780151367,15.0,False,64.57915496826172,False,True,True,False,True,False,True
2024-06-13 09:20:52,20.535503387451172,15.0,False,64.57915496826172,False,True,True,False,True,False,True
2024-06-13 09:20:54,20.80335235595703,15.0,False,54.579158782958984,False,True,True,False,True,False,True
2024-06-13 09:20:57,21.157005310058594,15.0,False,54.579158782958984,False,True,True,False,True,False,True
2024-06-13 09:20:59,20.835044860839844,15.0,False,54.579158782958984,False,True,True,False,True,False,True
2024-06-13 09:21:02,21.0416202545166,15.0,False,54.579158782958984,False,True,True,False,True,False,True
2024-06-13 09:21:04,21.172237396240234,15.0,False,54.579158782958984,False,True,True,False,True,False,True
2024-06-13 09:21:06,20.5896053314209,15.0,False,54.579158782958984,False,True,True,False,True,False,True
2024-06-13 09:21:09,21.2281551361084,15.0,False,54.579158782958984,False,True,True,False,True,False,True
2024-06-13 09:21:11,20.997661590576172,15.0,False,54.579158782958984,False,True,True,False,True,False,True
2024-06-13 09:21:13,21.1662654876709,15.0,False,54.579158782958984,False,True,True,False,True,False,True
2024-06-13 09:21:16,21.280590057373047,15.0,False,54.579158782958984,False,True,True,False,True,False,True
2024-06-13 09:21:18,21.276906967163086,15.0,False,54.579158782958984,False,True,True,False,True,False,True
2024-06-13 09:21:20,21.085208892822266,15.0,False,54.579158782958984,False,True,True,False,True,False,True
2024-06-13 09:21:23,21.165874481201172,15.0,False,54.579158782958984,False,True,True,False,True,False,True
2024-06-13 09:21:25,20.874773025512695,15.0,False,44.579158782958984,False,True,True,False,True,False,True
2024-06-13 09:21:27,21.524396896362305,15.0,False,44.579158782958984,False,True,True,False,True,False,True
2024-06-13 09:21:30,21.441097259521484,15.0,False,44.579158782958984,False,True,True,False,True,False,True
2024-06-13 09:21:32,21.441097259521484,15.0,False,44.579158782958984,False,True,True,False,True,False,True
2024-06-13 09:21:35,22.10946273803711,15.0,False,44.579158782958984,False,True,True,False,True,False,True
2024-06-13 09:21:37,22.262493133544922,15.0,False,44.579158782958984,False,True,True,False,True,False,True
2024-06-13 09:21:40,22.221050262451172,15.0,False,44.579158782958984,False,True,True,False,True,False,True
2024-06-13 09:21:42,22.71553611755371,15.0,False,44.579158782958984,False,True,True,False,True,False,True
2024-06-13 09:21:45,22.579748153686523,15.0,False,44.579158782958984,False,True,True,False,True,False,True
2024-06-13 09:21:47,22.768095016479492,15.0,False,44.579158782958984,False,True,True,False,True,False,True
2024-06-13 09:21:52,23.350664138793945,15.0,False,44.579158782958984,False,True,True,False,True,False,True
2024-06-13 09:21:54,23.625986099243164,15.0,False,44.579158782958984,False,True,True,False,True,False,True
2024-06-13 09:21:57,23.25040054321289,15.0,False,34.57916259765625,False,True,True,False,True,False,True
2024-06-13 09:21:59,23.509523391723633,15.0,False,34.57916259765625,False,True,True,False,True,False,True
2024-06-13 09:22:02,23.323442459106445,15.0,False,34.57916259765625,False,True,True,False,True,False,True
2024-06-13 09:22:04,23.962200164794922,15.0,False,34.57916259765625,False,True,True,False,True,False,True
2024-06-13 09:22:07,23.652137756347656,15.0,False,34.57916259765625,False,True,True,False,True,False,True
2024-06-13 09:22:09,24.099037170410156,15.0,False,34.57916259765625,False,True,True,False,True,False,True
2024-06-13 09:22:12,24.20522117614746,15.0,False,34.57916259765625,False,True,True,False,True,False,True
2024-06-13 09:22:14,24.40273094177246,15.0,False,34.57916259765625,False,True,True,False,True,False,True
2024-06-13 09:22:17,24.363605499267578,15.0,False,34.57916259765625,False,True,True,False,True,False,True
2024-06-13 09:22:19,24.864774703979492,15.0,False,34.57916259765625,False,True,True,False,True,False,True
2024-06-13 09:22:22,24.578163146972656,15.0,False,34.57916259765625,False,True,True,False,True,False,True
2024-06-13 09:22:24,25.090381622314453,15.0,False,0.0,True,True,False,False,False,False,True
2024-06-13 09:22:27,25.23357582092285,15.0,False,0.0,True,True,False,False,False,False,True
2024-06-13 09:22:30,25.300373077392578,15.0,False,0.0,True,True,False,False,False,False,True
2024-06-13 09:22:32,25.794179916381836,15.0,False,0.0,True,True,False,False,False,False,True
2024-06-13 09:22:35,26.06055450439453,15.0,False,0.0,True,True,False,False,False,False,True
2024-06-13 09:22:37,25.858922958374023,15.0,False,0.0,True,True,False,False,False,False,True
2024-06-13 09:22:40,26.19135284423828,15.0,False,0.0,True,True,False,False,False,False,True
2024-06-13 09:22:42,26.339733123779297,15.0,False,0.0,True,True,False,False,False,False,True
2024-06-13 09:22:45,26.619243621826172,15.0,False,0.0,True,True,False,False,False,False,True
2024-06-13 09:22:47,26.056934356689453,15.0,False,0.0,True,True,False,False,False,False,True
2024-06-13 09:22:50,25.817174911499023,15.0,False,0.0,True,True,False,False,False,False,True
2024-06-13 09:22:53,25.817174911499023,15.0,False,0.0,True,True,False,False,False,False,True
2024-06-13 09:22:55,26.469223022460938,15.0,False,0.0,True,True,False,False,False,False,True
2024-06-13 09:22:57,25.889148712158203,15.0,False,0.0,True,True,False,False,False,False,True
2024-06-13 09:23:00,25.94379997253418,15.0,False,0.0,True,True,False,False,False,False,True
2024-06-13 09:23:02,25.94379997253418,15.0,False,0.0,True,True,False,False,False,False,True
2024-06-13 09:23:05,25.837888717651367,15.0,False,0.0,True,True,False,False,False,False,True
2024-06-13 09:23:07,25.953481674194336,15.0,False,0.0,True,True,False,False,False,False,True
2024-06-13 09:23:10,26.147096633911133,15.0,False,0.0,True,True,False,False,False,False,True
2024-06-13 09:23:12,26.263032913208008,15.0,False,0.0,True,True,False,False,False,False,True
2024-06-13 09:23:15,25.704137802124023,15.0,False,0.0,True,True,False,False,False,False,True
2024-06-13 09:23:17,26.221315383911133,15.0,False,0.0,True,True,False,False,False,False,True
2024-06-13 09:23:20,26.04473304748535,15.0,False,0.0,True,True,False,False,False,False,True
2024-06-13 09:23:22,25.867202758789062,15.0,False,0.0,True,True,False,False,False,False,True
2024-06-13 09:23:25,25.867202758789062,15.0,False,0.0,True,True,False,False,False,False,True
2024-06-13 09:23:27,25.838346481323242,15.0,False,0.0,True,True,False,False,False,False,True
2024-06-13 09:23:30,25.944547653198242,15.0,False,0.0,True,True,False,False,False,False,True
2024-06-13 09:23:32,25.88896369934082,15.0,False,0.0,True,True,False,False,False,False,True
2024-06-13 09:23:34,26.107999801635742,15.0,False,0.0,True,True,False,False,False,False,True
2024-06-13 09:23:37,26.027698516845703,15.0,False,0.0,True,True,False,False,False,False,True
2024-06-13 09:23:39,26.293785095214844,15.0,False,0.0,True,True,False,False,False,False,True
2024-06-13 09:23:42,25.850080490112305,15.0,False,0.0,True,True,False,False,False,False,True
2024-06-13 09:23:44,26.320755004882812,15.0,False,0.0,True,True,False,False,False,False,True
2024-06-13 09:23:47,26.08106803894043,15.0,False,0.0,True,True,False,False,False,False,True
2024-06-13 09:23:49,26.14924430847168,15.0,False,0.0,True,True,False,False,False,False,True
2024-06-13 09:23:52,25.766475677490234,15.0,False,0.0,True,True,False,False,False,False,True
2024-06-13 09:23:54,25.711668014526367,15.0,False,0.0,True,True,False,False,False,False,True
2024-06-13 09:23:57,25.66416358947754,15.0,False,0.0,True,True,False,False,False,False,True
2024-06-13 09:23:59,24.990501403808594,15.0,False,0.0,True,True,False,False,False,False,True
2024-06-13 09:24:02,24.547149658203125,15.0,False,0.0,True,True,False,False,False,False,True
2024-06-13 09:24:04,24.082313537597656,15.0,False,0.0,True,True,False,False,False,False,True
2024-06-13 09:24:07,23.472124099731445,15.0,False,0.0,True,True,False,False,False,False,True
2024-06-13 09:24:09,23.28646469116211,15.0,False,0.0,False,True,True,False,True,False,True
2024-06-13 09:24:12,22.624723434448242,15.0,False,0.0,False,True,True,False,True,False,True
2024-06-13 09:24:14,21.94508934020996,15.0,False,0.0,False,True,True,False,True,False,True
2024-06-13 09:24:17,21.897443771362305,15.0,False,0.0,False,True,True,False,True,False,True
2024-06-13 09:24:19,21.6794490814209,15.0,False,0.0,False,True,True,False,True,False,True
2024-06-13 09:24:21,21.134159088134766,15.0,False,0.0,False,True,True,False,True,False,True
2024-06-13 09:24:24,20.755399703979492,15.0,False,0.0,False,True,True,False,True,False,True
2024-06-13 09:24:26,20.298452377319336,15.0,False,0.0,False,True,True,False,True,False,True
2024-06-13 09:24:29,20.139982223510742,15.0,False,0.0,False,True,True,False,True,False,True
2024-06-13 09:24:31,20.069377899169922,15.0,False,0.0,False,True,True,False,True,False,True
2024-06-13 09:24:34,19.263484954833984,15.0,False,0.0,False,True,True,False,True,False,True
2024-06-13 09:24:37,18.62689208984375,15.0,False,0.0,False,True,True,False,True,False,True
2024-06-13 09:24:39,18.042251586914062,15.0,False,0.0,False,True,True,False,True,False,True
2024-06-13 09:24:42,17.910009384155273,15.0,False,0.0,False,True,True,False,True,False,True
2024-06-13 09:24:44,17.69742202758789,15.0,False,0.0,False,True,True,False,True,False,True
2024-06-13 09:24:47,17.541702270507812,15.0,False,0.0,False,True,True,False,True,False,True
2024-06-13 09:24:49,16.453475952148438,15.0,False,0.0,False,True,True,False,True,False,True
2024-06-13 09:24:52,16.03162384033203,15.0,False,0.0,False,True,True,False,True,False,True
2024-06-13 09:24:54,16.03162384033203,15.0,False,0.0,False,True,True,False,True,False,True
2024-06-13 09:24:57,15.852675437927246,15.0,False,0.0,False,True,True,False,True,False,True
2024-06-13 09:25:00,14.639030456542969,15.0,False,0.0,False,True,True,False,True,False,True
2024-06-13 09:25:02,14.434602737426758,15.0,False,0.0,False,True,True,False,True,False,True
2024-06-13 09:25:05,14.434602737426758,15.0,False,0.0,False,True,True,False,True,False,True
2024-06-13 09:25:07,13.996792793273926,15.0,False,0.0,False,True,True,False,True,False,True
2024-06-13 09:25:10,13.96948528289795,15.0,False,0.0,False,True,True,False,True,False,True
2024-06-13 09:25:12,14.195230484008789,15.0,False,0.0,False,True,True,False,True,False,True
2024-06-13 09:25:15,13.711441040039062,15.0,False,0.3334531784057617,False,True,True,False,True,False,True
2024-06-13 09:25:17,13.80778980255127,15.0,False,0.2879842221736908,False,True,True,False,True,False,True
2024-06-13 09:25:20,14.1233549118042,15.0,False,0.012890583835542202,False,True,True,False,True,False,True
2024-06-13 09:25:22,14.361283302307129,15.0,False,0.0,False,True,True,False,True,False,True
2024-06-13 09:25:25,14.048744201660156,15.0,False,0.15281662344932556,False,True,True,False,True,False,True
2024-06-13 09:25:27,14.1480131149292,15.0,False,0.09028899669647217,False,True,True,False,True,False,True
2024-06-13 09:25:30,14.088400840759277,15.0,False,0.18713946640491486,False,True,True,False,True,False,True
2024-06-13 09:25:33,13.795858383178711,15.0,False,0.5261976718902588,False,True,True,False,True,False,True
2024-06-13 09:25:35,14.41118049621582,15.0,False,0.0,False,True,True,False,True,False,True
2024-06-13 09:25:38,14.401028633117676,15.0,False,0.0,False,True,True,False,True,False,True
2024-06-13 09:25:40,14.276908874511719,15.0,False,0.13078144192695618,False,True,True,False,True,False,True
2024-06-13 09:25:43,14.062524795532227,15.0,False,0.22628052532672882,False,True,True,False,True,False,True
2024-06-13 09:25:45,14.062524795532227,15.0,False,0.4140574634075165,False,True,True,False,True,False,True
2024-06-13 09:25:48,14.008698463439941,15.0,False,0.5076200366020203,False,True,True,False,True,False,True
2024-06-13 09:25:50,13.898772239685059,15.0,False,0.661139726638794,False,True,True,False,True,False,True
2024-06-13 09:25:52,14.336244583129883,15.0,False,0.260437935590744,False,True,True,False,True,False,True
2024-06-13 09:25:55,13.907358169555664,15.0,False,0.7259160280227661,False,True,True,False,True,False,True
2024-06-13 09:25:57,13.994295120239258,15.0,False,0.6819712519645691,False,True,True,False,True,False,True
2024-06-13 09:26:00,14.144437789916992,15.0,False,0.5622221827507019,False,True,True,False,True,False,True
2024-06-13 09:26:02,14.396446228027344,15.0,False,0.3456415832042694,False,True,True,False,True,False,True
2024-06-13 09:26:05,14.11857795715332,15.0,False,0.6567633748054504,False,True,True,False,True,False,True
2024-06-13 09:26:07,14.149782180786133,15.0,False,0.6613749265670776,False,True,True,False,True,False,True
2024-06-13 09:26:10,14.018793106079102,15.0,False,0.831610381603241,False,True,True,False,True,False,True
2024-06-13 09:26:12,14.169332504272461,15.0,False,0.7175639271736145,False,True,True,False,True,False,True
2024-06-13 09:26:15,14.178446769714355,15.0,False,0.7427939176559448,False,True,True,False,True,False,True
2024-06-13 09:26:17,13.883275032043457,15.0,False,1.0808073282241821,False,True,True,False,True,False,True
2024-06-13 09:26:20,13.632810592651367,15.0,False,1.3695396184921265,False,True,True,False,True,False,True
2024-06-13 09:26:22,14.141786575317383,15.0,False,0.9111678004264832,False,True,True,False,True,False,True
2024-06-13 09:26:24,13.597464561462402,15.0,False,1.4980525970458984,False,True,True,False,True,False,True
2024-06-13 09:26:27,13.583904266357422,15.0,False,1.5703343152999878,False,True,True,False,True,False,True
2024-06-13 09:26:29,13.542501449584961,15.0,False,1.659457802772522,False,True,True,False,True,False,True
2024-06-13 09:26:32,13.421439170837402,15.0,False,1.843772530555725,False,True,True,False,True,False,True
2024-06-13 09:26:34,12.943262100219727,15.0,False,2.39768385887146,False,True,True,False,True,False,True
2024-06-13 09:26:36,13.13643741607666,15.0,False,2.2861814498901367,False,True,True,False,True,False,True
2024-06-13 09:26:39,12.550213813781738,15.0,False,2.967151403427124,False,True,True,False,True,False,True
2024-06-13 09:26:41,12.924393653869629,15.0,False,2.6841325759887695,False,True,True,False,True,False,True
2024-06-13 09:26:44,12.665637969970703,15.0,False,3.036919116973877,False,True,True,False,True,False,True
2024-06-13 09:26:47,12.357211112976074,15.0,False,3.4516067504882812,False,True,True,False,True,False,True
2024-06-13 09:26:49,12.339118003845215,15.0,False,3.5803439617156982,False,True,True,False,True,False,True
2024-06-13 09:26:52,12.032160758972168,15.0,False,4.007124423980713,False,True,True,False,True,False,True
2024-06-13 09:26:54,11.803023338317871,15.0,False,4.393246173858643,False,True,True,False,True,False,True
2024-06-13 09:26:57,11.99958610534668,15.0,False,4.32415771484375,False,True,True,False,True,False,True
2024-06-13 09:26:59,11.422313690185547,15.0,False,4.843269348144531,False,True,True,False,True,False,True
2024-06-13 09:27:02,11.39490795135498,15.0,False,5.185876846313477,False,True,True,False,True,False,True
2024-06-13 09:27:04,11.236974716186523,15.0,False,5.363381385803223,False,True,True,False,True,False,True
2024-06-13 09:27:07,10.726571083068848,15.0,False,5.677449703216553,False,True,True,False,True,False,True
2024-06-13 09:27:09,10.726571083068848,15.0,False,6.363787651062012,False,True,True,False,True,False,True
2024-06-13 09:27:12,10.751852035522461,15.0,False,6.515829086303711,False,True,True,False,True,False,True
2024-06-13 09:27:14,10.658792495727539,15.0,False,6.788609504699707,False,True,True,False,True,False,True
2024-06-13 09:27:17,10.25471305847168,15.0,False,7.3853583335876465,False,True,True,False,True,False,True
2024-06-13 09:27:19,10.311016082763672,15.0,False,7.5251336097717285,False,True,True,False,True,False,True
2024-06-13 09:27:22,10.091079711914062,15.0,False,7.946859359741211,False,True,True,False,True,False,True
2024-06-13 09:27:24,9.956877708435059,15.0,False,9.585321426391602,False,True,True,False,True,False,True
2024-06-13 09:27:27,9.694243431091309,15.0,False,9.585321426391602,False,True,True,False,True,False,True
2024-06-13 09:27:30,9.552436828613281,15.0,False,9.585321426391602,False,True,True,False,True,False,True
2024-06-13 09:27:33,8.934117317199707,15.0,False,9.585321426391602,False,True,True,False,True,False,True
2024-06-13 09:27:35,9.094137191772461,15.0,False,9.585321426391602,False,True,True,False,True,False,True
2024-06-13 09:27:38,8.47778034210205,15.0,False,9.585321426391602,False,True,True,False,True,False,True
2024-06-13 09:27:40,8.75468635559082,15.0,False,9.585321426391602,False,True,True,False,True,False,True
2024-06-13 09:27:42,8.8618803024292,15.0,False,9.585321426391602,False,True,True,False,True,False,True
2024-06-13 09:27:45,8.931231498718262,15.0,False,9.585321426391602,False,True,True,False,True,False,True
2024-06-13 09:27:47,8.896717071533203,15.0,False,9.585321426391602,False,True,True,False,True,False,True
2024-06-13 09:27:50,9.263575553894043,15.0,False,9.585321426391602,False,True,True,False,True,False,True
2024-06-13 09:27:52,9.136611938476562,15.0,False,9.585321426391602,False,True,True,False,True,False,True
2024-06-13 09:27:55,9.009296417236328,15.0,False,19.5853214263916,False,True,True,False,True,False,True
2024-06-13 09:27:57,9.109427452087402,15.0,False,19.5853214263916,False,True,True,False,True,False,True
2024-06-13 09:28:00,9.147902488708496,15.0,False,19.5853214263916,False,True,True,False,True,False,True
2024-06-13 09:28:02,8.92052173614502,15.0,False,19.5853214263916,False,True,True,False,True,False,True
2024-06-13 09:28:05,9.181092262268066,15.0,False,19.5853214263916,False,True,True,False,True,False,True
2024-06-13 09:28:07,9.037461280822754,15.0,False,19.5853214263916,False,True,True,False,True,False,True
2024-06-13 09:28:10,8.963586807250977,15.0,False,19.5853214263916,False,True,True,False,True,False,True
2024-06-13 09:28:12,8.784348487854004,15.0,False,19.5853214263916,False,True,True,False,True,False,True
2024-06-13 09:28:15,8.848926544189453,15.0,False,19.5853214263916,False,True,True,False,True,False,True
2024-06-13 09:28:17,8.848926544189453,15.0,False,19.5853214263916,False,True,True,False,True,False,True
2024-06-13 09:28:20,8.731973648071289,15.0,False,19.5853214263916,False,True,True,False,True,False,True
2024-06-13 09:28:22,8.789451599121094,15.0,False,19.5853214263916,False,True,True,False,True,False,True
2024-06-13 09:28:25,8.873677253723145,15.0,False,29.5853214263916,False,True,True,False,True,False,True
2024-06-13 09:28:28,8.79768180847168,15.0,False,29.5853214263916,False,True,True,False,True,False,True
2024-06-13 09:28:30,9.047779083251953,15.0,False,29.5853214263916,False,True,True,False,True,False,True
2024-06-13 09:28:33,9.213117599487305,15.0,False,29.5853214263916,False,True,True,False,True,False,True
2024-06-13 09:28:35,9.023519515991211,15.0,False,29.5853214263916,False,True,True,False,True,False,True
2024-06-13 09:28:37,9.023519515991211,15.0,False,29.5853214263916,False,True,True,False,True,False,True
2024-06-13 09:28:40,8.903186798095703,15.0,False,29.5853214263916,False,True,True,False,True,False,True
2024-06-13 09:28:43,9.190834045410156,15.0,False,29.5853214263916,False,True,True,False,True,False,True
2024-06-13 09:28:45,8.856351852416992,15.0,False,29.5853214263916,False,True,True,False,True,False,True
2024-06-13 09:28:47,8.91966438293457,15.0,False,29.5853214263916,False,True,True,False,True,False,True
2024-06-13 09:28:50,9.305481910705566,15.0,False,29.5853214263916,False,True,True,False,True,False,True
2024-06-13 09:28:52,9.442644119262695,15.0,False,29.5853214263916,False,True,True,False,True,False,True
2024-06-13 09:28:54,9.442644119262695,15.0,False,29.5853214263916,False,True,True,False,True,False,True
2024-06-13 09:28:57,10.080899238586426,15.0,False,39.58531951904297,False,True,True,False,True,False,True
2024-06-13 09:28:59,10.488335609436035,15.0,False,39.58531951904297,False,True,True,False,True,False,True
2024-06-13 09:29:01,10.338774681091309,15.0,False,39.58531951904297,False,True,True,False,True,False,True
2024-06-13 09:29:04,10.338774681091309,15.0,False,39.58531951904297,False,True,True,False,True,False,True
2024-06-13 09:29:06,10.638083457946777,15.0,False,39.58531951904297,False,True,True,False,True,False,True
2024-06-13 09:29:09,10.782410621643066,15.0,False,39.58531951904297,False,True,True,False,True,False,True
2024-06-13 09:29:11,11.603596687316895,15.0,False,39.58531951904297,False,True,True,False,True,False,True
2024-06-13 09:29:14,11.381914138793945,15.0,False,39.58531951904297,False,True,True,False,True,False,True
2024-06-13 09:29:17,11.606356620788574,15.0,False,39.58531951904297,False,True,True,False,True,False,True
2024-06-13 09:29:19,12.149337768554688,15.0,False,39.58531951904297,False,True,True,False,True,False,True
2024-06-13 09:29:22,12.138702392578125,15.0,False,39.58531951904297,False,True,True,False,True,False,True
2024-06-13 09:29:25,12.680079460144043,15.0,False,39.58531951904297,False,True,True,False,True,False,True
2024-06-13 09:29:28,12.684969902038574,15.0,False,39.58531951904297,False,True,True,False,True,False,True
2024-06-13 09:29:30,13.021122932434082,15.0,False,39.58531951904297,False,True,True,False,True,False,True
2024-06-13 09:29:33,13.318195343017578,15.0,False,39.58531951904297,False,True,True,False,True,False,True
2024-06-13 09:29:35,13.406466484069824,15.0,False,39.58531951904297,False,True,True,False,True,False,True
2024-06-13 09:29:38,13.731728553771973,15.0,False,39.58531951904297,False,True,True,False,True,False,True
2024-06-13 09:29:41,13.821179389953613,15.0,False,39.58531951904297,False,True,True,False,True,False,True
2024-06-13 09:29:44,13.887054443359375,15.0,False,39.58531951904297,False,True,True,False,True,False,True
2024-06-13 09:29:46,14.433440208435059,15.0,False,39.58531951904297,False,True,True,False,True,False,True
2024-06-13 09:29:48,14.886360168457031,15.0,False,39.58531951904297,False,True,True,False,True,False,True
2024-06-13 09:29:51,14.669900894165039,15.0,False,39.58531951904297,False,True,True,False,True,False,True
2024-06-13 09:29:53,15.440896034240723,15.0,False,39.58531951904297,False,True,True,False,True,False,True
2024-06-13 09:29:55,15.206690788269043,15.0,False,39.58531951904297,False,True,True,False,True,False,True
2024-06-13 09:29:58,15.206690788269043,15.0,False,39.58531951904297,False,True,True,False,True,False,True
2024-06-13 09:30:00,15.589390754699707,15.0,False,39.58531951904297,False,True,True,False,True,False,True
2024-06-13 09:30:03,16.18145751953125,15.0,False,39.58531951904297,False,True,True,False,True,False,True
2024-06-13 09:30:05,15.836616516113281,15.0,False,39.56439971923828,False,True,True,False,True,False,True
2024-06-13 09:30:08,16.073955535888672,15.0,False,39.29620361328125,False,True,True,False,True,False,True
2024-06-13 09:30:10,16.235267639160156,15.0,False,39.08812713623047,False,True,True,False,True,False,True
2024-06-13 09:30:12,15.87395191192627,15.0,False,39.03667068481445,False,True,True,False,True,False,True
2024-06-13 09:30:15,16.042028427124023,15.0,False,39.36735153198242,False,True,True,False,True,False,True
2024-06-13 09:30:17,16.147554397583008,15.0,False,39.15656280517578,False,True,True,False,True,False,True
2024-06-13 09:30:19,16.147554397583008,15.0,False,39.013221740722656,False,True,True,False,True,False,True
2024-06-13 09:30:22,16.0172176361084,15.0,False,39.09954071044922,False,True,True,False,True,False,True
2024-06-13 09:30:24,16.175233840942383,15.0,False,38.89453887939453,False,True,True,False,True,False,True
2024-06-13 09:30:27,15.902593612670898,15.0,False,39.11863708496094,False,True,True,False,True,False,True
2024-06-13 09:30:29,15.974553108215332,15.0,False,39.0069694519043,False,True,True,False,True,False,True
2024-06-13 09:30:32,15.849325180053711,15.0,False,39.09524917602539,False,True,True,False,True,False,True
2024-06-13 09:30:34,16.276737213134766,15.0,False,38.6199836730957,False,True,True,False,True,False,True
2024-06-13 09:30:37,16.140365600585938,15.0,False,38.70713806152344,False,True,True,False,True,False,True
2024-06-13 09:30:40,16.25404167175293,15.0,False,38.542640686035156,False,True,True,False,True,False,True
2024-06-13 09:30:42,16.104108810424805,15.0,False,38.64469528198242,False,True,True,False,True,False,True
2024-06-13 09:30:44,16.09464454650879,15.0,False,38.60843276977539,False,True,True,False,True,False,True
2024-06-13 09:30:47,15.8202543258667,15.0,False,38.84521484375,False,True,True,False,True,False,True
2024-06-13 09:30:50,16.311138153076172,15.0,False,38.30583953857422,False,True,True,False,True,False,True
2024-06-13 09:30:52,15.895537376403809,15.0,False,38.67893600463867,False,True,True,False,True,False,True
2024-06-13 09:30:55,16.054973602294922,15.0,False,38.47753143310547,False,True,True,False,True,False,True
2024-06-13 09:30:57,16.005840301513672,15.0,False,38.483734130859375,False,True,True,False,True,False,True
2024-06-13 09:30:59,16.055830001831055,15.0,False,38.39080047607422,False,True,True,False,True,False,True
2024-06-13 09:31:03,15.808891296386719,15.0,False,38.39752197265625,False,True,True,False,True,False,True
2024-06-13 09:31:05,15.89345932006836,15.0,False,38.55215072631836,False,True,True,False,True,False,True
2024-06-13 09:31:07,15.89345932006836,15.0,False,38.43815231323242,False,True,True,False,True,False,True
2024-06-13 09:31:10,16.039993286132812,15.0,False,38.25011444091797,False,True,True,False,True,False,True
2024-06-13 09:31:12,15.71506118774414,15.0,False,38.16890335083008,False,True,True,False,True,False,True
2024-06-13 09:31:14,15.71506118774414,15.0,False,38.49934387207031,False,True,True,False,True,False,True
2024-06-13 09:31:17,16.116416931152344,15.0,False,38.056488037109375,False,True,True,False,True,False,True
2024-06-13 09:31:19,14.997340202331543,15.0,False,39.161685943603516,False,True,True,False,True,False,True
2024-06-13 09:31:22,15.388504981994629,15.0,False,38.75922393798828,False,True,True,False,True,False,True
2024-06-13 09:31:24,15.258132934570312,15.0,False,38.8772087097168,False,True,True,False,True,False,True
2024-06-13 09:31:27,15.605778694152832,15.0,False,38.508670806884766,False,True,True,False,True,False,True
2024-06-13 09:31:29,15.847406387329102,15.0,False,38.23476028442383,False,True,True,False,True,False,True
2024-06-13 09:31:32,16.021387100219727,15.0,False,38.02040100097656,False,True,True,False,True,False,True
2024-06-13 09:31:34,15.48922061920166,15.0,False,38.52552795410156,False,True,True,False,True,False,True
2024-06-13 09:31:37,16.14497947692871,15.0,False,37.83026123046875,False,True,True,False,True,False,True
2024-06-13 09:31:40,16.148988723754883,15.0,False,37.77842712402344,False,True,True,False,True,False,True
2024-06-13 09:31:42,15.803215980529785,15.0,False,38.08640670776367,False,True,True,False,True,False,True
2024-06-13 09:31:45,15.889150619506836,15.0,False,37.964500427246094,False,True,True,False,True,False,True
2024-06-13 09:31:47,15.699304580688477,15.0,False,38.12282943725586,False,True,True,False,True,False,True
2024-06-13 09:31:50,15.385083198547363,15.0,False,38.417083740234375,False,True,True,False,True,False,True
2024-06-13 09:31:52,15.51386833190918,15.0,False,38.26849365234375,False,True,True,False,True,False,True
2024-06-13 09:31:55,15.328733444213867,15.0,False,38.43761444091797,False,True,True,False,True,False,True
2024-06-13 09:31:58,14.610743522644043,15.0,False,39.14259338378906,False,True,True,False,True,False,True
2024-06-13 09:32:00,14.824925422668457,15.0,False,39.15556335449219,False,True,True,False,True,False,True
2024-06-13 09:32:03,14.630169868469238,15.0,False,38.949562072753906,False,True,True,False,True,False,True
2024-06-13 09:32:05,14.480997085571289,15.0,False,39.15891647338867,False,True,True,False,True,False,True
2024-06-13 09:32:07,13.818097114562988,15.0,False,39.324771881103516,False,True,True,False,True,False,True
2024-06-13 09:32:09,13.75177001953125,15.0,False,40.034156799316406,False,True,True,False,True,False,True
2024-06-13 09:32:12,14.238870620727539,15.0,False,40.15221405029297,False,True,True,False,True,False,True
2024-06-13 09:32:14,14.238870620727539,15.0,False,39.69252395629883,False,True,True,False,True,False,True
2024-06-13 09:32:17,14.052203178405762,15.0,False,39.91634750366211,False,True,True,False,True,False,True
2024-06-13 09:32:19,14.202679634094238,15.0,False,39.80097198486328,False,True,True,False,True,False,True
2024-06-13 09:32:22,13.780184745788574,15.0,False,40.26901626586914,False,True,True,False,True,False,True
2024-06-13 09:32:24,14.167043685913086,15.0,False,39.92170333862305,False,True,True,False,True,False,True
2024-06-13 09:32:27,14.408468246459961,15.0,False,39.70793914794922,False,True,True,False,True,False,True
2024-06-13 09:32:29,14.599093437194824,15.0,False,39.53640365600586,False,True,True,False,True,False,True
2024-06-13 09:32:33,14.775198936462402,15.0,True,0.0,True,True,False,False,True,False,True
2024-06-13 09:32:35,15.445513725280762,15.0,True,0.0,True,True,False,False,True,False,True
2024-06-13 09:32:37,15.445513725280762,15.0,True,0.0,True,True,False,False,True,False,True
2024-06-13 09:32:40,15.535387992858887,15.0,True,0.0,True,True,False,False,True,False,True
2024-06-13 09:32:42,15.43952751159668,15.0,True,0.0,True,True,False,False,True,False,True
2024-06-13 09:32:45,15.961596488952637,15.0,True,0.0,True,True,False,False,True,False,True
2024-06-13 09:32:47,15.99586009979248,15.0,True,0.0,True,True,False,False,True,False,True
2024-06-13 09:32:50,15.832880973815918,15.0,True,0.0,True,True,False,False,True,False,True
2024-06-13 09:32:52,16.198806762695312,15.0,True,0.0,True,True,False,False,True,False,True
2024-06-13 09:32:55,15.56261920928955,15.0,True,0.0,True,True,False,False,True,False,True
2024-06-13 09:32:57,15.807636260986328,15.0,True,0.0,True,True,False,False,True,False,True
2024-06-13 09:33:00,15.632967948913574,15.0,True,0.0,True,True,False,False,True,False,True
2024-06-13 09:33:03,15.689534187316895,15.0,True,0.0,True,True,False,False,True,False,True
2024-06-13 09:33:06,15.652703285217285,15.0,True,0.0,True,True,False,False,True,False,True
2024-06-13 09:33:09,14.70038890838623,15.0,True,0.0,True,True,False,False,True,False,True
2024-06-13 09:33:11,15.094101905822754,15.0,True,0.0,True,True,False,False,True,False,True
2024-06-13 09:33:14,14.680849075317383,15.0,True,0.0,True,True,False,False,True,False,True
2024-06-13 09:33:16,14.647656440734863,15.0,True,0.0,True,True,False,False,True,False,True
2024-06-13 09:33:19,14.70559310913086,15.0,True,0.0,True,True,False,False,True,False,True
2024-06-13 09:33:21,14.464354515075684,15.0,True,0.0,True,True,False,False,True,False,True
2024-06-13 09:33:24,14.608611106872559,15.0,True,0.0,True,True,False,False,True,False,True
2024-06-13 09:33:26,13.83664608001709,15.0,True,0.0,True,True,False,False,True,False,True
2024-06-13 09:33:29,14.082575798034668,15.0,True,0.0,True,True,False,False,True,False,True
2024-06-13 09:33:31,14.098418235778809,15.0,True,0.0,True,True,False,False,True,False,True
2024-06-13 09:33:34,14.276185989379883,15.0,True,0.0,True,True,False,False,True,False,True
2024-06-13 09:33:37,14.580878257751465,15.0,True,0.0,True,True,False,False,True,False,True
2024-06-13 09:33:39,14.580878257751465,15.0,True,0.0,True,True,False,False,True,False,True
2024-06-13 09:33:41,14.264567375183105,15.0,True,0.0,True,True,False,False,True,False,True
2024-06-13 09:33:44,14.578107833862305,15.0,True,0.0,True,True,False,False,True,False,True
2024-06-13 09:33:46,14.700248718261719,15.0,True,0.0,True,True,False,False,True,False,True
2024-06-13 09:33:49,15.248769760131836,15.0,False,0.0,True,True,False,False,True,False,True
2024-06-13 09:33:51,15.014820098876953,15.0,False,0.0,True,True,False,False,True,False,True
2024-06-13 09:33:54,15.011780738830566,15.0,False,0.0,False,True,True,False,True,True,True
2024-06-13 09:33:56,15.510477066040039,15.0,False,0.0,False,True,True,False,True,True,True
2024-06-13 09:34:00,15.861307144165039,15.0,False,0.0,False,True,True,False,True,False,True
2024-06-13 09:34:02,15.940301895141602,15.0,False,0.0,False,True,True,False,True,False,True
2024-06-13 09:34:05,15.901616096496582,15.0,False,0.0,False,True,True,False,True,False,True
2024-06-13 09:34:07,16.503597259521484,15.0,False,0.0,False,True,True,False,True,False,True
2024-06-13 09:34:10,16.23628807067871,15.0,False,0.0,False,True,True,False,True,False,True
2024-06-13 09:34:12,16.168058395385742,15.0,False,0.0,False,True,True,False,True,False,True
2024-06-13 09:34:15,15.92177963256836,15.0,False,0.0,False,True,True,False,True,False,True
2024-06-13 09:34:17,15.793523788452148,15.0,False,0.0,False,True,True,False,True,False,True
2024-06-13 09:34:20,15.471261024475098,15.0,False,0.0,False,True,True,False,True,False,True
2024-06-13 09:34:22,15.296002388000488,15.0,False,0.0,False,True,True,False,True,False,True
2024-06-13 09:34:24,15.646681785583496,15.0,False,0.0,False,True,True,False,True,False,True
2024-06-13 09:34:27,15.280562400817871,15.0,False,0.0,False,True,True,False,True,False,True
2024-06-13 09:34:29,14.724674224853516,15.0,False,0.0,False,True,True,False,True,False,True
2024-06-13 09:34:31,14.724674224853516,15.0,False,0.2939678728580475,False,True,True,False,True,False,True
2024-06-13 09:34:34,14.425076484680176,15.0,False,0.6137767434120178,False,True,True,False,True,False,True
2024-06-13 09:34:36,14.364044189453125,15.0,False,0.7005442380905151,False,True,True,False,True,False,True
2024-06-13 09:34:39,14.307329177856445,15.0,False,0.8004348278045654,False,True,True,False,True,False,True
2024-06-13 09:34:42,14.116527557373047,15.0,False,1.0151206254959106,False,True,True,False,True,False,True
2024-06-13 09:34:44,14.284290313720703,15.0,False,0.8834701180458069,False,True,True,False,True,False,True
2024-06-13 09:34:46,13.683709144592285,15.0,False,0.9073272347450256,False,True,True,False,True,False,True
2024-06-13 09:34:48,14.049430847167969,15.0,False,1.5602511167526245,False,True,True,False,True,False,True
2024-06-13 09:34:51,14.287933349609375,15.0,False,1.2277401685714722,False,True,True,False,True,False,True
2024-06-13 09:34:53,14.393207550048828,15.0,False,1.0198999643325806,False,True,True,False,True,False,True
2024-06-13 09:34:55,14.478504180908203,15.0,False,0.9403474926948547,False,True,True,False,True,False,True
2024-06-13 09:34:58,14.720817565917969,15.0,False,0.8771353960037231,False,True,True,False,True,False,True
2024-06-13 09:35:00,14.720817565917969,15.0,False,0.6451387405395508,False,True,True,False,True,False,True
2024-06-13 09:35:03,14.906105041503906,15.0,False,0.4660787880420685,False,True,True,False,True,False,False
2024-06-13 09:35:05,15.385251998901367,15.0,False,0.0,True,True,False,False,False,False,False
2024-06-13 09:35:07,15.533793449401855,15.0,False,0.0,True,True,False,False,False,False,False
2024-06-13 09:35:10,15.528642654418945,15.0,False,0.0,True,True,False,False,False,False,False
2024-06-13 09:35:12,15.62965202331543,15.0,False,0.0,True,True,False,False,False,False,False
2024-06-13 09:35:15,15.834967613220215,15.0,False,0.0,True,True,False,False,False,False,False
2024-06-13 09:35:17,16.107173919677734,15.0,False,0.0,True,True,False,False,False,False,False
2024-06-13 09:35:20,16.29078483581543,15.0,False,0.0,True,True,False,False,False,False,False
2024-06-13 09:35:22,16.391502380371094,15.0,False,0.0,True,True,False,False,False,False,False
2024-06-13 09:35:25,15.631758689880371,15.0,False,0.0,True,True,False,False,False,False,False
2024-06-13 09:35:28,15.624469757080078,15.0,False,0.0,True,True,False,False,False,False,False
2024-06-13 09:35:30,15.834657669067383,15.0,False,0.0,True,True,False,False,False,False,False
2024-06-13 09:35:33,15.620994567871094,15.0,False,0.0,True,True,False,False,False,False,False
2024-06-13 09:35:35,15.576529502868652,15.0,False,0.0,True,True,False,False,False,False,False
2024-06-13 09:35:37,15.26986026763916,15.0,False,0.0,True,True,False,False,False,False,False
2024-06-13 09:35:40,14.969035148620605,15.0,False,0.0,True,True,False,False,False,False,False
2024-06-13 09:35:42,14.698598861694336,15.0,False,0.0,True,True,False,False,False,False,False
2024-06-13 09:35:44,14.698598861694336,15.0,False,0.0,True,True,False,False,False,False,False
2024-06-13 09:35:47,14.497962951660156,15.0,False,0.0,True,True,False,False,False,False,False
2024-06-13 09:35:49,14.622270584106445,15.0,False,0.0,True,True,False,False,False,False,False
2024-06-13 09:35:52,14.474542617797852,15.0,False,0.0,True,True,False,False,False,False,False
2024-06-13 09:35:54,13.964509963989258,15.0,False,0.0,True,True,False,False,False,False,False
2024-06-13 09:35:57,13.93602466583252,15.0,False,0.0,True,True,False,False,False,False,False
2024-06-13 09:35:59,14.035054206848145,15.0,False,0.0,True,True,False,False,False,False,False
2024-06-13 09:36:02,14.244062423706055,15.0,False,0.0,True,True,False,False,False,False,False
2024-06-13 09:36:04,13.892898559570312,15.0,False,0.0,True,True,False,False,False,False,False
2024-06-13 09:36:06,14.100427627563477,15.0,False,0.0,True,True,False,False,False,False,False
2024-06-13 09:36:09,14.378179550170898,15.0,False,0.0,True,True,False,False,False,False,False
2024-06-13 09:36:11,14.55349063873291,15.0,False,0.0,True,True,False,False,False,False,False
2024-06-13 09:36:14,14.796808242797852,15.0,False,0.0,True,True,False,False,False,False,False
2024-06-13 09:36:16,14.699555397033691,15.0,False,0.0,True,True,False,False,False,False,False
2024-06-13 09:36:19,15.224043846130371,15.0,False,0.0,True,True,False,False,False,False,True
2024-06-13 09:36:21,15.459765434265137,15.0,False,0.0,True,True,False,False,False,False,True
2024-06-13 09:36:24,15.488125801086426,15.0,False,0.0,True,True,False,False,False,False,True
2024-06-13 09:36:26,15.39030647277832,15.0,False,0.0,False,True,True,False,True,False,True
2024-06-13 09:36:29,15.895706176757812,15.0,False,0.0,False,True,True,False,True,False,True
2024-06-13 09:36:31,15.763784408569336,15.0,False,0.0,False,True,True,False,True,False,True
2024-06-13 09:36:34,15.847301483154297,15.0,False,0.0,False,True,True,False,True,False,True
2024-06-13 09:36:36,16.03108024597168,15.0,False,0.0,False,True,True,False,True,False,True
2024-06-13 09:36:39,16.151052474975586,15.0,False,0.0,False,True,True,False,True,False,True
2024-06-13 09:36:41,16.057493209838867,15.0,False,0.0,False,True,True,False,True,False,True
2024-06-13 09:36:44,15.469965934753418,15.0,False,0.0,False,True,True,False,True,False,True
2024-06-13 09:36:46,15.469965934753418,15.0,False,0.0,False,True,True,False,True,False,True
2024-06-13 09:36:49,15.544867515563965,15.0,False,0.0,False,True,True,False,True,False,True
2024-06-13 09:36:51,15.123610496520996,15.0,False,0.2608203887939453,False,True,True,False,True,False,True
2024-06-13 09:36:54,15.18883991241455,15.0,False,0.18853804469108582,False,True,True,False,True,False,True
2024-06-13 09:36:56,15.130707740783691,15.0,False,0.24049745500087738,False,True,True,False,True,False,True
2024-06-13 09:36:59,14.937541961669922,15.0,False,0.43385112285614014,False,True,True,False,True,False,True
2024-06-13 09:37:01,14.574848175048828,15.0,False,0.8097259998321533,False,True,True,False,True,False,True
2024-06-13 09:37:04,14.211981773376465,15.0,False,1.2008893489837646,False,True,True,False,True,False,True
2024-06-13 09:37:07,13.977988243103027,15.0,False,1.4745428562164307,False,True,True,False,True,False,True
2024-06-13 09:37:09,13.970022201538086,15.0,False,1.5253251791000366,False,True,True,False,True,False,True
2024-06-13 09:37:12,13.879825592041016,15.0,False,1.6610682010650635,False,True,True,False,True,False,True
2024-06-13 09:37:15,13.832655906677246,15.0,False,1.6127724647521973,False,True,True,False,True,False,True
2024-06-13 09:37:17,13.931941986083984,15.0,False,1.7088007926940918,False,True,True,False,True,False,True
2024-06-13 09:37:19,14.042032241821289,15.0,False,1.642754316329956,False,True,True,False,True,False,True
2024-06-13 09:37:22,14.556936264038086,15.0,False,1.6746866703033447,False,True,True,False,True,False,True
2024-06-13 09:37:24,14.75585651397705,15.0,False,1.18038809299469,False,True,True,False,True,False,True
2024-06-13 09:37:26,14.75585651397705,15.0,False,0.9904347658157349,False,True,True,False,True,False,True
2024-06-13 09:37:29,14.481959342956543,15.0,False,1.2824952602386475,False,True,True,False,True,False,True
2024-06-13 09:37:31,14.95540714263916,15.0,False,0.8168227076530457,False,True,True,False,True,False,True
2024-06-13 09:37:33,0.08054127544164658,15.0,False,100.0,False,True,True,False,True,False,True
2024-06-13 09:37:36,0.6635317802429199,15.0,False,100.0,False,True,True,False,True,False,True
2024-06-13 09:37:38,0.6803497076034546,15.0,False,100.0,False,True,True,False,True,False,True
2024-06-13 09:37:41,1.7253879308700562,15.0,False,100.0,False,True,True,False,True,False,True
2024-06-13 09:37:44,2.05486798286438,15.0,False,100.0,False,True,True,False,True,False,True
2024-06-13 09:37:46,2.6699235439300537,15.0,False,100.0,False,True,True,False,True,False,True
2024-06-13 09:37:49,3.446298122406006,15.0,False,100.0,False,True,True,False,True,False,True
2024-06-13 09:37:51,3.735558271408081,15.0,False,100.0,False,True,True,False,True,False,True
2024-06-13 09:37:54,4.12761116027832,15.0,False,100.0,False,True,True,False,True,False,True
2024-06-13 09:37:56,4.66251802444458,15.0,False,100.0,False,True,True,False,True,False,True
2024-06-13 09:37:59,4.998086452484131,15.0,False,100.0,False,True,True,False,True,False,True
2024-06-13 09:38:01,5.868246555328369,15.0,False,100.0,False,True,True,False,True,False,True
